<?xml version="1.0" encoding="UTF-8"?>
<project-private xmlns="http://www.netbeans.org/ns/project-private/1">
    <editor-bookmarks xmlns="http://www.netbeans.org/ns/editor-bookmarks/2" lastBookmarkId="0"/>
    <open-files xmlns="http://www.netbeans.org/ns/projectui-open-files/2">
        <group>
            <file>file:/C:/Users/kantaria/Desktop/java2-w2020/w22TestProctected/src/w22testproctected/Cube.java</file>
            <file>file:/C:/Users/kantaria/Desktop/java2-w2020/w22TestProctected/src/SquarePackage/Square.java</file>
            <file>file:/C:/Users/kantaria/Desktop/java2-w2020/w22TestProctected/src/w22testproctected/W22TestProctected.java</file>
        </group>
    </open-files>
</project-private>
