<?xml version="1.0" encoding="UTF-8"?>
<project-private xmlns="http://www.netbeans.org/ns/project-private/1">
    <editor-bookmarks xmlns="http://www.netbeans.org/ns/editor-bookmarks/2" lastBookmarkId="0"/>
    <open-files xmlns="http://www.netbeans.org/ns/projectui-open-files/2">
        <group>
            <file>file:/C:/Users/kantaria/Desktop/java2-w2020/w5TestFX/src/w5testfx/FXMLw5testController.java</file>
            <file>file:/C:/Users/kantaria/Desktop/java2-w2020/w5TestFX/src/w5testfx/FXMLw5test.fxml</file>
            <file>file:/C:/Users/kantaria/Desktop/java2-w2020/w5TestFX/src/w5testfx/W5TestFX.java</file>
        </group>
    </open-files>
</project-private>
