<?xml version="1.0" encoding="UTF-8"?>
<project-private xmlns="http://www.netbeans.org/ns/project-private/1">
    <editor-bookmarks xmlns="http://www.netbeans.org/ns/editor-bookmarks/2" lastBookmarkId="0"/>
    <open-files xmlns="http://www.netbeans.org/ns/projectui-open-files/2">
        <group>
            <file>file:/C:/Users/kantaria/Desktop/java2-w2020/w9filefxml/src/w9filefxml/FXMLfileController.java</file>
            <file>file:/C:/Users/kantaria/Desktop/java2-w2020/w9filefxml/src/w9filefxml/W9filefxml.java</file>
            <file>file:/C:/Users/kantaria/Desktop/java2-w2020/w9filefxml/src/w9filefxml/FXMLfile.fxml</file>
        </group>
    </open-files>
</project-private>
