<?xml version="1.0" encoding="UTF-8"?>
<project-private xmlns="http://www.netbeans.org/ns/project-private/1">
    <editor-bookmarks xmlns="http://www.netbeans.org/ns/editor-bookmarks/2" lastBookmarkId="0"/>
    <open-files xmlns="http://www.netbeans.org/ns/projectui-open-files/2">
        <group>
            <file>file:/D:/java2-W2020/studentproject/src/studentproject/student1.fxml</file>
            <file>file:/D:/java2-W2020/studentproject/src/studentproject/Studentproject.java</file>
            <file>file:/D:/java2-W2020/studentproject/src/studentproject/student.java</file>
            <file>file:/D:/java2-W2020/studentproject/src/studentproject/Student1Controller.java</file>
        </group>
    </open-files>
</project-private>
